age,workclass,fnlwgt,education,education-num,marital-status,occupation,relationship,race,gender,capital-gain,capital-loss,hours-per-week,native-country,income
39,State-gov,77516,Bachelors,13,Never-married,Adm-clerical,Not-in-family,White,Male,2174,0,40,United-States,<=50K
50,Self-emp-not-inc,83311,Bachelors,13,Married-civ-spouse,Exec-managerial,Husband,White,Male,0,0,13,United-States,<=50K
38,Private,215646,HS-grad,9,Divorced,Handlers-cleaners,Not-in-family,White,Male,0,0,40,United-States,<=50K
53,Private,234721,11th,7,Married-civ-spouse,Handlers-cleaners,Husband,Black,Male,0,0,40,United-States,<=50K
28,Private,338409,Bachelors,13,Married-civ-spouse,Prof-specialty,Wife,Black,Female,0,0,40,Cuba,<=50K
37,Private,284582,Masters,14,Married-civ-spouse,Exec-managerial,Wife,White,Female,0,0,40,United-States,<=50K
49,Private,160187,9th,5,Married-spouse-absent,Other-service,Not-in-family,Black,Female,0,0,16,Jamaica,<=50K
52,Self-emp-not-inc,209642,HS-grad,9,Married-civ-spouse,Exec-managerial,Husband,White,Male,0,0,45,United-States,<=50K
31,Private,45781,Masters,14,Never-married,Prof-specialty,Not-in-family,White,Female,14084,0,50,United-States,>50K
42,Private,159449,Bachelors,13,Married-civ-spouse,Exec-managerial,Husband,White,Male,5178,0,40,United-States,>50K
37,Private,280464,Some-college,10,Married-civ-spouse,Exec-managerial,Husband,Black,Male,0,0,80,United-States,>50K
30,State-gov,141297,Bachelors,13,Married-civ-spouse,Prof-specialty,Husband,Asian-Pac-Islander,Male,0,0,40,India,>50K
23,Private,122272,Bachelors,13,Never-married,Adm-clerical,Own-child,White,Male,0,0,30,United-States,<=50K
32,Private,205019,Assoc-acdm,12,Never-married,Sales,Not-in-family,Black,Male,0,0,50,United-States,<=50K
40,Private,121772,Assoc-voc,11,Married-civ-spouse,Craft-repair,Husband,Asian-Pac-Islander,Male,0,0,40,?,>50K
34,Private,245487,7th-8th,4,Married-civ-spouse,Transport-moving,Husband,White,Male,0,0,45,Mexico,<=50K
25,Self-emp-not-inc,176756,HS-grad,9,Never-married,Farming-fishing,Own-child,White,Male,0,0,35,United-States,<=50K
32,Private,186824,HS-grad,9,Never-married,Machine-op-inspct,Unmarried,White,Male,0,0,40,United-States,<=50K
38,Private,28887,11th,7,Married-civ-spouse,Sales,Husband,White,Male,0,0,50,United-States,<=50K
43,Self-emp-not-inc,292175,Masters,14,Divorced,Exec-managerial,Unmarried,White,Female,0,0,45,United-States,>50K
40,Private,193524,Doctorate,16,Married-civ-spouse,Prof-specialty,Husband,White,Male,0,0,60,United-States,>50K
54,Private,302146,HS-grad,9,Separated,Other-service,Unmarried,Black,Female,0,0,20,United-States,<=50K
35,Federal-gov,146944,9th,5,Married-civ-spouse,Farming-fishing,Husband,Black,Male,0,0,40,United-States,<=50K
43,Private,349130,Masters,14,Married-civ-spouse,Exec-managerial,Husband,White,Male,0,0,45,United-States,>50K
59,Private,299770,HS-grad,9,Divorced,Prof-specialty,Unmarried,White,Female,0,0,40,United-States,<=50K
56,Local-gov,159653,Bachelors,13,Married-civ-spouse,Prof-specialty,Husband,White,Male,2179,0,40,United-States,>50K
19,Private,190458,HS-grad,9,Never-married,Prof-specialty,Own-child,Black,Male,0,0,20,United-States,<=50K
54,?,29144,HS-grad,9,Married-civ-spouse,?,Husband,Asian-Pac-Islander,Male,0,0,40,South,>50K
55,Self-emp-inc,287918,HS-grad,9,Married-civ-spouse,Exec-managerial,Husband,White,Male,0,0,40,United-States,<=50K
45,Private,252984,Bachelors,13,Divorced,Exec-managerial,Not-in-family,White,Male,14084,0,40,United-States,>50K
49,Private,163936,HS-grad,9,Married-civ-spouse,Other-service,Husband,White,Female,0,0,40,United-States,<=50K
23,Private,172274,Bachelors,13,Never-married,Prof-specialty,Not-in-family,White,Male,0,0,40,United-States,<=50K
20,Private,289985,Some-college,10,Never-married,Sales,Own-child,White,Male,0,0,20,United-States,<=50K
27,Private,228541,Some-college,10,Married-civ-spouse,Transport-moving,Husband,White,Male,0,0,40,Mexico,<=50K
41,Private,291869,Some-college,10,Married-civ-spouse,Sales,Husband,White,Male,0,0,50,United-States,<=50K
45,Self-emp-inc,189778,Bachelors,13,Married-civ-spouse,Sales,Husband,White,Male,0,0,60,United-States,>50K
31,Private,164526,Prof-school,15,Married-civ-spouse,Prof-specialty,Husband,White,Male,15024,0,60,United-States,>50K
44,Private,193425,Some-college,10,Married-civ-spouse,Exec-managerial,Husband,White,Male,0,0,40,United-States,>50K
44,Federal-gov,19345,Doctorate,16,Divorced,Prof-specialty,Not-in-family,White,Male,0,0,50,United-States,>50K
23,Private,233935,Bachelors,13,Never-married,Prof-specialty,Not-in-family,White,Female,0,0,40,United-States,<=50K
51,Private,117552,Bachelors,13,Divorced,Exec-managerial,Not-in-family,White,Male,0,0,40,United-States,>50K
54,Private,133694,Some-college,10,Married-civ-spouse,Machine-op-inspct,Husband,White,Male,0,0,40,United-States,<=50K
28,Private,129175,Bachelors,13,Married-civ-spouse,Tech-support,Wife,White,Female,0,0,40,United-States,<=50K
32,?,205089,Assoc-acdm,12,Never-married,?,Not-in-family,Black,Female,0,0,40,?,<=50K
55,Private,239634,Some-college,10,Married-civ-spouse,Sales,Husband,White,Male,0,0,40,United-States,<=50K
42,Private,175413,Assoc-voc,11,Married-civ-spouse,Prof-specialty,Husband,White,Male,0,0,45,United-States,>50K
46,Private,291819,Prof-school,15,Married-civ-spouse,Prof-specialty,Husband,White,Male,0,0,40,United-States,>50K
33,Private,166929,Bachelors,13,Divorced,Prof-specialty,Not-in-family,White,Female,0,0,40,United-States,<=50K
29,Private,373630,Bachelors,13,Never-married,Prof-specialty,Not-in-family,White,Female,0,0,40,United-States,<=50K
30,Private,208667,Assoc-acdm,12,Married-civ-spouse,Adm-clerical,Wife,White,Female,0,0,40,Mexico,<=50K
38,Private,236983,HS-grad,9,Married-civ-spouse,Transport-moving,Husband,White,Male,0,0,40,United-States,<=50K
56,Private,240959,HS-grad,9,Divorced,Machine-op-inspct,Unmarried,White,Male,0,0,40,United-States,<=50K
28,Private,401851,Bachelors,13,Married-civ-spouse,Prof-specialty,Wife,White,Female,0,0,40,United-States,<=50K
37,Private,148995,Bachelors,13,Married-civ-spouse,Exec-managerial,Husband,White,Male,0,0,50,United-States,>50K
55,Private,186934,Masters,14,Married-civ-spouse,Prof-specialty,Husband,White,Male,0,0,40,United-States,>50K
52,Self-emp-not-inc,31156,Assoc-voc,11,Married-civ-spouse,Other-service,Husband,White,Male,0,0,40,United-States,>50K
32,Private,295768,Bachelors,13,Married-civ-spouse,Prof-specialty,Husband,White,Male,0,0,40,United-States,>50K
29,Private,102914,Bachelors,13,Never-married,Sales,Not-in-family,White,Male,0,0,40,United-States,<=50K
42,Private,164526,Assoc-voc,11,Married-civ-spouse,Exec-managerial,Husband,White,Male,0,0,50,United-States,>50K
48,Private,159606,Bachelors,13,Married-civ-spouse,Prof-specialty,Husband,White,Male,0,0,40,United-States,>50K
26,Private,171149,Bachelors,13,Never-married,Sales,Not-in-family,White,Female,0,0,40,United-States,<=50K
45,Private,164526,Doctorate,16,Married-civ-spouse,Prof-specialty,Husband,White,Male,0,0,60,United-States,>50K
29,Private,180270,Masters,14,Married-civ-spouse,Prof-specialty,Wife,White,Female,0,0,40,United-States,>50K
25,Private,291819,Assoc-voc,11,Married-civ-spouse,Prof-specialty,Not-in-family,White,Male,0,0,40,United-States,<=50K
44,Self-emp-not-inc,200955,Bachelors,13,Married-civ-spouse,Exec-managerial,Husband,White,Male,0,0,50,United-States,>50K
38,Private,112664,Bachelors,13,Married-civ-spouse,Exec-managerial,Husband,White,Male,0,0,50,United-States,>50K
46,Federal-gov,193425,Prof-school,15,Married-civ-spouse,Prof-specialty,Husband,White,Male,0,0,40,United-States,>50K
40,Private,140185,Doctorate,16,Married-civ-spouse,Prof-specialty,Husband,White,Male,0,0,40,United-States,>50K
38,Private,146653,Bachelors,13,Married-civ-spouse,Exec-managerial,Husband,White,Male,0,0,50,United-States,>50K
49,Private,202153,HS-grad,9,Married-civ-spouse,Prof-specialty,Husband,White,Male,0,0,40,United-States,>50K
28,Private,335848,Bachelors,13,Married-civ-spouse,Exec-managerial,Wife,White,Female,0,0,40,United-States,<=50K
38,Private,261845,Masters,14,Married-civ-spouse,Prof-specialty,Husband,White,Male,0,0,50,United-States,>50K
29,Private,203478,Bachelors,13,Never-married,Prof-specialty,Not-in-family,White,Male,0,0,40,United-States,<=50K
33,Private,209526,Bachelors,13,Never-married,Prof-specialty,Not-in-family,White,Male,0,0,40,United-States,<=50K
26,Private,166929,Bachelors,13,Married-civ-spouse,Exec-managerial,Wife,White,Female,0,0,40,United-States,<=50K
28,Private,202826,Assoc-acdm,12,Married-civ-spouse,Adm-clerical,Wife,White,Female,0,0,40,United-States,<=50K
37,Private,283749,Masters,14,Married-civ-spouse,Exec-managerial,Husband,White,Male,0,0,60,United-States,>50K
30,Private,102914,Bachelors,13,Never-married,Exec-managerial,Not-in-family,White,Female,0,0,40,United-States,<=50K
45,Private,118675,Prof-school,15,Married-civ-spouse,Prof-specialty,Husband,White,Male,0,0,50,United-States,>50K
52,Self-emp-inc,209642,Bachelors,13,Married-civ-spouse,Exec-managerial,Husband,White,Male,0,0,40,United-States,>50K
39,Private,215646,HS-grad,9,Divorced,Other-service,Unmarried,White,Female,0,0,40,United-States,<=50K
37,Private,283749,Bachelors,13,Married-civ-spouse,Prof-specialty,Wife,White,Female,0,0,40,United-States,<=50K
30,Private,200955,Assoc-voc,11,Married-civ-spouse,Other-service,Wife,White,Female,0,0,40,United-States,<=50K
30,Private,219889,Bachelors,13,Married-civ-spouse,Exec-managerial,Husband,White,Male,0,0,40,United-States,>50K
34,Private,166929,Bachelors,13,Married-civ-spouse,Exec-managerial,Husband,White,Male,0,0,50,United-States,>50K
46,Private,164526,Bachelors,13,Married-civ-spouse,Prof-specialty,Wife,White,Female,0,0,40,United-States,<=50K
40,Private,193425,Doctorate,16,Married-civ-spouse,Prof-specialty,Husband,White,Male,0,0,60,United-States,>50K
50,Self-emp-inc,202153,Masters,14,Married-civ-spouse,Exec-managerial,Husband,White,Male,15024,0,40,United-States,>50K
38,Private,117552,Bachelors,13,Divorced,Sales,Unmarried,White,Male,0,0,40,United-States,<=50K
27,Private,189778,HS-grad,9,Married-civ-spouse,Sales,Wife,White,Female,0,0,40,United-States,<=50K
33,Private,209526,Assoc-voc,11,Married-civ-spouse,Sales,Husband,White,Male,0,0,50,United-States,>50K
42,Private,165876,Bachelors,13,Divorced,Exec-managerial,Unmarried,White,Female,0,0,40,United-States,<=50K
25,Private,180270,Some-college,10,Never-married,Other-service,Own-child,White,Female,0,0,30,United-States,<=50K
45,Private,166929,Bachelors,13,Married-civ-spouse,Exec-managerial,Husband,White,Male,0,0,40,United-States,>50K
46,Private,190524,Masters,14,Married-civ-spouse,Prof-specialty,Husband,White,Male,0,0,45,United-States,>50K
46,Self-emp-not-inc,202153,Doctorate,16,Married-civ-spouse,Prof-specialty,Husband,White,Male,0,0,40,United-States,>50K
23,Private,200955,Bachelors,13,Never-married,Sales,Not-in-family,White,Male,0,0,40,United-States,<=50K
38,Private,261845,Some-college,10,Married-civ-spouse,Exec-managerial,Husband,White,Male,0,0,50,United-States,>50K
32,Private,209526,Masters,14,Married-civ-spouse,Prof-specialty,Husband,White,Male,0,0,40,United-States,>50K
21,Private,210198,Some-college,10,Never-married,Sales,Own-child,White,Female,0,0,30,United-States,<=50K
30,Private,200955,Assoc-voc,11,Married-civ-spouse,Tech-support,Wife,White,Female,0,0,40,United-States,<=50K
38,Private,166929,Bachelors,13,Married-civ-spouse,Sales,Husband,White,Male,0,0,40,United-States,>50K
41,Private,287918,HS-grad,9,Married-civ-spouse,Craft-repair,Husband,White,Male,0,0,40,United-States,>50K
47,Private,164526,Prof-school,15,Married-civ-spouse,Prof-specialty,Husband,White,Male,0,0,40,United-States,>50K
36,Private,180270,Bachelors,13,Married-civ-spouse,Exec-managerial,Husband,White,Male,0,0,40,United-States,>50K
33,Private,141297,Bachelors,13,Married-civ-spouse,Prof-specialty,Husband,White,Male,0,0,45,United-States,>50K
30,Private,189778,Some-college,10,Married-civ-spouse,Sales,Husband,White,Male,0,0,40,United-States,>50K
30,Private,193425,Masters,14,Married-civ-spouse,Prof-specialty,Wife,White,Female,0,0,40,United-States,<=50K
48,Private,159606,Doctorate,16,Married-civ-spouse,Prof-specialty,Husband,White,Male,0,0,40,United-States,>50K
31,Private,117552,Bachelors,13,Divorced,Sales,Unmarried,White,Female,0,0,40,United-States,<=50K
30,Private,283749,Assoc-acdm,12,Married-civ-spouse,Exec-managerial,Wife,White,Female,0,0,40,United-States,<=50K
22,Private,366723,Some-college,10,Never-married,Adm-clerical,Own-child,White,Female,0,0,20,United-States,<=50K
46,Private,166929,Bachelors,13,Married-civ-spouse,Exec-managerial,Husband,White,Male,0,0,40,United-States,>50K
27,Private,210198,Some-college,10,Never-married,Sales,Not-in-family,White,Female,0,0,40,United-States,<=50K
23,Private,102914,Bachelors,13,Never-married,Prof-specialty,Not-in-family,White,Male,0,0,40,United-States,<=50K
34,Private,164526,HS-grad,9,Married-civ-spouse,Craft-repair,Husband,White,Male,0,0,50,United-States,>50K
42,Private,175413,Assoc-voc,11,Married-civ-spouse,Exec-managerial,Husband,White,Male,0,0,40,United-States,>50K
29,Private,166929,Bachelors,13,Never-married,Prof-specialty,Not-in-family,White,Male,0,0,50,United-States,<=50K
30,Private,202153,HS-grad,9,Married-civ-spouse,Sales,Wife,White,Female,0,0,40,United-States,<=50K
39,Private,215646,Bachelors,13,Married-civ-spouse,Exec-managerial,Husband,White,Male,0,0,40,United-States,>50K
29,Private,209526,Masters,14,Never-married,Prof-specialty,Not-in-family,White,Male,0,0,40,United-States,<=50K
35,Private,164526,Bachelors,13,Married-civ-spouse,Prof-specialty,Husband,White,Male,0,0,50,United-States,>50K
33,Private,283749,Masters,14,Married-civ-spouse,Exec-managerial,Husband,White,Male,0,0,40,United-States,>50K
30,Private,209526,Bachelors,13,Married-civ-spouse,Prof-specialty,Husband,White,Male,0,0,40,United-States,>50K
29,Private,166929,Assoc-acdm,12,Married-civ-spouse,Sales,Wife,White,Female,0,0,40,United-States,<=50K
35,Private,164526,Prof-school,15,Married-civ-spouse,Prof-specialty,Husband,White,Male,0,0,45,United-States,>50K
33,Private,209526,Assoc-voc,11,Married-civ-spouse,Tech-support,Husband,White,Male,0,0,40,United-States,>50K
30,Private,202153,Some-college,10,Married-civ-spouse,Sales,Wife,White,Female,0,0,40,United-States,<=50K
29,Private,215646,Bachelors,13,Married-civ-spouse,Prof-specialty,Husband,White,Male,0,0,40,United-States,<=50K
28,Private,189778,Bachelors,13,Married-civ-spouse,Exec-managerial,Wife,White,Female,0,0,40,United-States,<=50K
30,Private,209526,Masters,14,Married-civ-spouse,Prof-specialty,Husband,White,Male,0,0,40,United-States,>50K
42,Private,166929,Prof-school,15,Married-civ-spouse,Prof-specialty,Husband,White,Male,0,0,40,United-States,>50K
35,Private,180270,Bachelors,13,Married-civ-spouse,Exec-managerial,Husband,White,Male,0,0,50,United-States,>50K
31,Private,202153,Assoc-acdm,12,Never-married,Sales,Not-in-family,White,Female,0,0,40,United-States,<=50K
29,Private,175413,Bachelors,13,Never-married,Prof-specialty,Not-in-family,White,Male,0,0,40,United-States,<=50K
30,Private,209526,Some-college,10,Married-civ-spouse,Tech-support,Wife,White,Female,0,0,40,United-States,<=50K
33,Private,164526,Bachelors,13,Married-civ-spouse,Exec-managerial,Husband,White,Male,0,0,40,United-States,>50K
28,Private,166929,Bachelors,13,Never-married,Prof-specialty,Not-in-family,White,Female,0,0,40,United-States,<=50K
30,Private,202153,Masters,14,Married-civ-spouse,Prof-specialty,Wife,White,Female,0,0,40,United-States,<=50K
39,Private,190524,Prof-school,15,Married-civ-spouse,Prof-specialty,Husband,White,Male,0,0,40,United-States,>50K
35,Private,164526,Bachelors,13,Married-civ-spouse,Exec-managerial,Husband,White,Male,0,0,40,United-States,>50K
31,Private,180270,Assoc-voc,11,Married-civ-spouse,Sales,Wife,White,Female,0,0,40,United-States,<=50K
30,Private,209526,Bachelors,13,Married-civ-spouse,Exec-managerial,Husband,White,Male,0,0,40,United-States,>50K
28,Private,117552,Assoc-acdm,12,Never-married,Prof-specialty,Not-in-family,White,Female,0,0,40,United-States,<=50K
33,Private,189778,Masters,14,Married-civ-spouse,Exec-managerial,Husband,White,Male,0,0,40,United-States,>50K
30,Private,164526,Some-college,10,Married-civ-spouse,Sales,Wife,White,Female,0,0,40,United-States,<=50K
29,Private,209526,Bachelors,13,Never-married,Prof-specialty,Not-in-family,White,Male,0,0,40,United-States,<=50K
35,Private,175413,Prof-school,15,Married-civ-spouse,Prof-specialty,Husband,White,Male,0,0,50,United-States,>50K
30,Private,202153,Assoc-voc,11,Married-civ-spouse,Tech-support,Wife,White,Female,0,0,40,United-States,<=50K
42,Private,209526,Doctorate,16,Married-civ-spouse,Prof-specialty,Husband,White,Male,0,0,40,United-States,>50K
28,Private,166929,Bachelors,13,Never-married,Sales,Not-in-family,White,Female,0,0,40,United-States,<=50K
30,Private,190524,Masters,14,Married-civ-spouse,Prof-specialty,Husband,White,Male,0,0,40,United-States,>50K